Id,Label,timeset,weighted indegree,weighted outdegree,weighted degree,Eccentricity,closnesscentrality,harmonicclosnesscentrality,betweenesscentrality,modularity_class,componentnumber,strongcompnum,clustering,eigencentrality
ADDAM_MARBRAND,ADDAM_MARBRAND,,0,3,3,5,0.328559,0.346282,0,4,0,390,0.333333,0
KEVAN,KEVAN,,1,18,19,4,0.41339,0.447087,80.319821,4,0,389,0.28655,0.001024
LEO_LEFFORD,LEO_LEFFORD,,2,1,3,6,0.355277,0.377941,18.201654,4,0,388,0.333333,0.002362
TYWIN,TYWIN,,2,56,58,4,0.484355,0.538329,324.239414,4,0,387,0.137326,0.002362
ADRACK_HUMBLE,ADRACK_HUMBLE,,0,2,2,4,0.348607,0.362113,0,0,0,397,0.5,0
THEON,THEON,,1,72,73,3,0.533058,0.582687,384.791396,0,0,396,0.123668,0.001024
RALF,RALF,,2,1,3,6,0.307143,0.346899,1.208604,0,0,391,0.333333,0.002362
AEGON,AEGON,,0,7,7,4,0.397317,0.421861,0,1,0,399,0.190476,0
AERYS,AERYS,,2,20,22,4,0.45565,0.485778,43.100182,1,0,386,0.277056,0.002725
MAESTER_AEMON,MAESTER_AEMON,,2,17,19,4,0.41326,0.446747,39.642315,2,0,385,0.30117,0.002777
ARYA,ARYA,,4,93,97,4,0.540426,0.606518,337.327647,3,0,384,0.089777,0.005403
DAVOS,DAVOS,,4,74,78,3,0.533619,0.587131,252.651719,0,0,378,0.1337,0.0066
SHIREEN,SHIREEN,,3,10,13,6,0.361678,0.399843,20.667345,2,0,375,0.307692,0.005427
RHAENYRA,RHAENYRA,,1,0,1,0,0,0,0,1,0,398,0,0.001024
DAENERYS,DAENERYS,,6,87,93,3,0.529496,0.597373,375.840032,1,0,372,0.083567,0.010941
AERON,AERON,,1,3,4,5,0.326494,0.341257,0,0,0,395,0.5,0.001339
YARA,YARA,,5,33,38,5,0.445665,0.494475,206.03151,0,0,369,0.203414,0.011447
EURON,EURON,,5,17,22,4,0.434416,0.466066,170.900893,0,0,365,0.298701,0.012449
BALON,BALON,,4,6,10,5,0.389189,0.417315,67.14219,0,0,364,0.322222,0.009798
BARRISTAN,BARRISTAN,,2,20,22,4,0.420868,0.458449,4.67224,1,0,371,0.222944,0.005352
CATELYN,CATELYN,,7,49,56,4,0.481233,0.533426,169.270962,6,0,363,0.150649,0.016548
JAIME,JAIME,,10,80,90,3,0.536732,0.5973,424.78971,4,0,361,0.119476,0.025075
JORAH,JORAH,,7,60,67,3,0.500703,0.556648,238.96077,1,0,359,0.11194,0.020096
NED,NED,,11,67,78,5,0.486897,0.557885,385.04916,5,0,356,0.104063,0.035144
RENLY,RENLY,,7,22,29,5,0.402537,0.447517,40.632261,4,0,349,0.263547,0.026516
RHAEGAR,RHAEGAR,,4,7,11,4,0.38796,0.416188,17.440913,1,0,353,0.363636,0.015074
RICKARD_STARK,RICKARD_STARK,,3,1,4,4,0.346154,0.407407,0.630252,5,0,355,0.333333,0.015542
ROBERT,ROBERT,,13,41,54,4,0.478621,0.525937,237.63167,1,0,347,0.183089,0.048281
SANSA,SANSA,,13,88,101,5,0.52187,0.601686,371.793096,0,0,346,0.11099,0.05554
SEPTA_MORDANE,SEPTA_MORDANE,,4,2,6,6,0.329502,0.351938,0.0625,5,0,344,0.433333,0.022294
PYCELLE,PYCELLE,,10,23,33,6,0.395857,0.444041,35.669724,4,0,345,0.27178,0.048892
JOFFREY,JOFFREY,,13,55,68,5,0.474412,0.538921,579.485057,4,0,343,0.12928,0.068104
TYRION,TYRION,,20,108,128,5,0.549433,0.639184,1624.782763,4,0,339,0.074865,0.09233
CERSEI,CERSEI,,20,66,86,5,0.488856,0.562361,500.637148,4,0,337,0.114227,0.10976
JON,JON,,18,87,105,5,0.518822,0.607781,1233.895839,2,0,326,0.091758,0.112314
VARYS,VARYS,,22,47,69,5,0.466872,0.534983,428.718954,1,0,303,0.168585,0.147996
OLENNA,OLENNA,,15,23,38,6,0.39356,0.459167,166.8737,4,0,282,0.202703,0.12253
ALANNA,ALANNA,,0,1,1,1,1,1,0,3,0,400,0,0
OWEN,OWEN,,2,0,2,0,0,0,0,3,0,373,0,0.003502
ALLISER_THORNE,ALLISER_THORNE,,3,20,23,6,0.371578,0.424678,36.956479,2,0,325,0.243083,0.022248
GRENN,GRENN,,6,21,27,6,0.367056,0.420612,92.904041,2,0,321,0.207977,0.044761
JEOR,JEOR,,10,12,22,6,0.338164,0.378631,75.44907,2,0,318,0.201299,0.099008
OTHELL_YARWYCK,OTHELL_YARWYCK,,4,9,13,6,0.350943,0.390143,11.662135,2,0,317,0.352564,0.038753
PYP,PYP,,8,14,22,6,0.351454,0.396942,94.532133,2,0,312,0.220779,0.074797
RAST,RAST,,6,12,18,5,0.355297,0.395697,33.936985,2,0,309,0.310458,0.070216
SAM,SAM,,21,57,78,5,0.484099,0.562956,1063.135518,2,0,277,0.119381,0.160903
JANOS,JANOS,,14,12,26,6,0.366621,0.412313,192.441121,2,0,275,0.221538,0.161416
LOCKE,LOCKE,,8,13,21,5,0.360923,0.402506,93.058001,2,0,273,0.2,0.091136
EDDISON_TOLLETT,EDDISON_TOLLETT,,18,24,42,5,0.412773,0.46761,416.908756,2,0,272,0.197445,0.160589
TORMUND,TORMUND,,15,45,60,5,0.441821,0.520992,398.434417,0,0,264,0.144915,0.153665
OLLY,OLLY,,11,9,20,6,0.327389,0.364981,59.895425,2,0,261,0.292105,0.137029
QHORIN,QHORIN,,4,3,7,6,0.264317,0.286806,3.819861,2,0,266,0.380952,0.059114
CRASTER,CRASTER,,8,11,19,5,0.346377,0.385914,32.718651,2,0,271,0.274854,0.109827
YGRITTE,YGRITTE,,7,16,23,5,0.35044,0.398466,270.108345,2,0,243,0.193676,0.098185
STANNIS,STANNIS,,23,27,50,5,0.412541,0.476,665.476221,2,0,256,0.170612,0.255494
DENYS,DENYS,,1,0,1,0,0,0,0,2,0,324,0,0.004111
MANCE,MANCE,,9,4,13,7,0.285354,0.313169,90.232118,2,0,233,0.262821,0.135588
BOWEN_MARSH,BOWEN_MARSH,,8,2,10,7,0.28375,0.307384,17.249639,2,0,260,0.4,0.100897
MELISANDRE,MELISANDRE,,23,18,41,6,0.390543,0.448281,831.641699,2,0,230,0.206098,0.266816
WUN_WUN,WUN_WUN,,6,5,11,5,0.318078,0.367506,12.477002,0,0,215,0.354545,0.077407
ALTON,ALTON,,3,4,7,6,0.303571,0.335644,21.812775,6,0,336,0.309524,0.040328
RICKARD_KARSTARK,RICKARD_KARSTARK,,5,14,19,6,0.345985,0.396414,63.833098,6,0,335,0.222222,0.025868
ROBB,ROBB,,20,38,58,5,0.426763,0.507415,913.518548,6,0,255,0.131276,0.189443
TALISA,TALISA,,5,11,16,6,0.327103,0.41254,52.434786,6,0,251,0.2,0.053535
TORRHEN,TORRHEN,,5,0,5,0,0,0,0,6,0,247,0.35,0.026474
ALYS,ALYS,,12,11,23,5,0.377888,0.418996,5.499126,0,0,263,0.450593,0.131955
NED_UMBER,NED_UMBER,,6,1,7,7,0.271756,0.292001,0,0,0,262,0.47619,0.092142
BRAN,BRAN,,26,47,73,4,0.496718,0.569016,1522.874423,5,0,242,0.143836,0.304137
GREY_WORM,GREY_WORM,,21,29,50,5,0.428571,0.50054,609.892283,0,0,228,0.215102,0.288853
LYANNA_MORMONT,LYANNA_MORMONT,,18,14,32,6,0.370435,0.42277,131.227262,0,0,227,0.318548,0.304657
BRIENNE,BRIENNE,,31,27,58,5,0.429735,0.498578,730.750982,0,0,226,0.220206,0.473566
YOHN_ROYCE,YOHN_ROYCE,,19,17,36,6,0.371226,0.429266,105.730987,0,0,209,0.312698,0.326934
MAESTER_WOLKAN,MAESTER_WOLKAN,,17,14,31,5,0.368515,0.421117,112.395292,0,0,206,0.310753,0.300677
BERIC,BERIC,,23,11,34,6,0.371069,0.422976,329.704946,0,0,207,0.316399,0.437871
GENDRY,GENDRY,,26,19,45,6,0.372093,0.443466,563.799058,0,0,205,0.234848,0.546852
MISSANDEI,MISSANDEI,,24,21,45,6,0.397028,0.465954,962.735734,1,0,187,0.190404,0.446368
QHONO,QHONO,,23,2,25,6,0.338298,0.367191,21.17738,0,0,159,0.465,0.581201
AMORY,AMORY,,2,4,6,6,0.29097,0.32251,0.72549,3,0,383,0.333333,0.00418
HOT_PIE,HOT_PIE,,5,9,14,7,0.296741,0.347165,154.455873,3,0,204,0.186813,0.138219
JAQEN,JAQEN,,6,8,14,6,0.302703,0.346329,389.141946,3,0,199,0.186813,0.119508
POLLIVER,POLLIVER,,5,5,10,6,0.329876,0.368553,78.071203,3,0,201,0.244444,0.032755
YOREN,YOREN,,12,8,20,5,0.363636,0.408646,236.991631,3,0,198,0.247368,0.177542
ANGUY,ANGUY,,5,2,7,6,0.322515,0.352306,34.570971,3,0,203,0.428571,0.160093
HOUND,HOUND,,32,37,69,5,0.471642,0.563502,2282.587212,3,0,158,0.1315,0.695179
THOROS,THOROS,,12,2,14,4,0.353846,0.389493,21.064697,3,0,146,0.335165,0.311937
ANYA_WAYNWOOD,ANYA_WAYNWOOD,,2,4,6,6,0.326923,0.365686,0,0,0,208,0.433333,0.048303
LITTLEFINGER,LITTLEFINGER,,33,28,61,5,0.411585,0.510741,1042.433551,0,0,150,0.156284,0.59244
LYSA,LYSA,,12,6,18,6,0.333333,0.39042,103.043587,0,0,145,0.281046,0.2619
ROBIN,ROBIN,,16,11,27,6,0.342391,0.417328,221.37704,0,0,127,0.27208,0.425689
VANCE_CORBRAY,VANCE_CORBRAY,,4,0,4,0,0,0,0,0,0,23,0.5,0.120369
AREO,AREO,,1,9,10,6,0.331565,0.397333,0.687775,4,0,360,0.388889,0.006174
DORAN,DORAN,,3,9,12,6,0.333333,0.400538,5.735132,4,0,328,0.333333,0.024275
BRONN,BRONN,,26,39,65,5,0.467681,0.59607,1883.61526,4,0,126,0.117788,0.47818
ELLARIA,ELLARIA,,17,17,34,6,0.367698,0.4581,188.495237,4,0,116,0.219251,0.261968
MYRCELLA,MYRCELLA,,12,6,18,9,0.227957,0.309913,35.652558,4,0,109,0.297386,0.27226
TRYSTANE,TRYSTANE,,7,2,9,9,0.191956,0.222071,2.611597,4,0,108,0.430556,0.141721
OBARA,OBARA,,11,3,14,8,0.234763,0.28022,119.003968,4,0,107,0.324176,0.16775
NYMERIA,NYMERIA,,10,1,11,8,0.223427,0.247989,45.833333,4,0,106,0.381818,0.152898
TYENE,TYENE,,12,3,15,7,0.284916,0.331232,369.673227,4,0,105,0.309524,0.177149
MAESTER_DORNE,MAESTER_DORNE,,4,0,4,0,0,0,0,4,0,104,0.5,0.057655
ARTHUR,ARTHUR,,2,2,4,6,0.28655,0.332313,0,5,0,241,0.5,0.046185
HOWLAND,HOWLAND,,3,2,5,6,0.328767,0.376389,7.783333,5,0,235,0.45,0.052238
THREE_EYED_RAVEN,THREE_EYED_RAVEN,,4,8,12,5,0.385246,0.47234,57.818914,5,0,234,0.272727,0.059041
ARTHUR_CHILD,ARTHUR_CHILD,,0,1,1,7,0.263708,0.295403,0,4,0,401,0,0
QYBURN,QYBURN,,22,11,33,6,0.35461,0.434333,775.697005,4,0,103,0.198864,0.435848
BAELOR,BAELOR,,10,2,12,7,0.233577,0.270089,5.268764,4,0,157,0.424242,0.173346
ILLYRIO,ILLYRIO,,4,2,6,4,0.4,0.467593,28.130556,1,0,302,0.366667,0.033673
ILYN_PAYNE,ILYN_PAYNE,,9,4,13,6,0.294118,0.345088,89.941197,4,0,151,0.384615,0.189549
JORY_CASSEL,JORY_CASSEL,,6,2,8,3,0.571429,0.708333,3.48284,0,0,149,0.339286,0.093196
LOMMY_GREENHANDS,LOMMY_GREENHANDS,,2,0,2,0,0,0,0,3,0,202,0.5,0.017356
MERYN_TRANT,MERYN_TRANT,,14,14,28,5,0.376,0.458511,692.285341,4,0,98,0.194444,0.284979
MYCAH,MYCAH,,4,0,4,0,0,0,0,5,0,340,0.5,0.032277
STABLE_BOY,STABLE_BOY,,1,0,1,0,0,0,0,3,0,382,0,0.002479
SYRIO_FOREL,SYRIO_FOREL,,4,0,4,0,0,0,0,3,0,93,0.5,0.115619
BITER,BITER,,4,1,5,1,1,1,0,3,0,156,0.45,0.111978
LOMMY,LOMMY,,5,0,5,0,0,0,0,3,0,140,0.4,0.157373
MOUNTAIN,MOUNTAIN,,33,8,41,3,0.494382,0.556818,457.543918,4,0,75,0.237805,0.826034
REGINALD,REGINALD,,2,0,2,0,0,0,0,3,0,350,0.5,0.00418
RHAENYS,RHAENYS,,1,1,2,1,1,1,0,3,0,381,0.5,0.002479
RORGE,RORGE,,6,0,6,0,0,0,0,3,0,144,0.433333,0.183636
TICKLER,TICKLER,,3,0,3,0,0,0,0,3,0,189,0.5,0.077274
VISENYA,VISENYA,,2,0,2,0,0,0,0,3,0,380,0.5,0.004026
ROOSE_BOLTON,ROOSE_BOLTON,,22,8,30,5,0.43299,0.531349,657.238838,0,0,64,0.216092,0.468209
TERNESIO_TERYS,TERNESIO_TERYS,,1,0,1,0,0,0,0,3,0,379,0,0.002479
FARMER_HAMLET,FARMER_HAMLET,,2,1,3,1,1,1,0,3,0,153,0.5,0.077217
DYING_MAN,DYING_MAN,,2,0,2,0,0,0,0,3,0,154,0.5,0.077217
SALLY,SALLY,,3,0,3,0,0,0,0,3,0,143,0.5,0.08541
PODRICK,PODRICK,,37,9,46,4,0.449612,0.518678,796.753739,4,0,91,0.243961,1
DONNEL_WAYNWOOD,DONNEL_WAYNWOOD,,2,0,2,0,0,0,0,3,0,155,0.5,0.077217
INNKEEPER,INNKEEPER,,3,1,4,1,1,1,0,3,0,142,0.5,0.082578
INNKEEPERS_DAUGHTER,INNKEEPERS_DAUGHTER,,2,0,2,0,0,0,0,3,0,141,0.5,0.077217
TOMMY,TOMMY,,4,0,4,0,0,0,0,3,0,139,0.5,0.091539
WAIF,WAIF,,2,2,4,5,0.333333,0.394253,234,3,0,196,0.333333,0.015659
THIN_MAN,THIN_MAN,,4,2,6,4,0.385965,0.443182,12.833333,3,0,76,0.4,0.049338
MACE,MACE,,18,9,27,3,0.583333,0.690476,140.422874,4,0,74,0.296296,0.432655
TYCHO,TYCHO,,9,1,10,3,0.5,0.583333,1.797934,4,0,68,0.311111,0.15279
MADAME,MADAME,,2,0,2,0,0,0,0,3,0,95,0.5,0.033266
WALDER,WALDER,,11,12,23,3,0.647059,0.757576,429.113263,6,0,22,0.193676,0.17376
LADY_CRANE,LADY_CRANE,,8,6,14,5,0.418182,0.541304,211.556946,4,0,195,0.373626,0.072976
BIANCA,BIANCA,,7,5,12,5,0.407407,0.520455,0.833894,4,0,194,0.439394,0.077358
IZEMBARO,IZEMBARO,,10,3,13,6,0.295775,0.385714,1.813095,4,0,193,0.435897,0.099742
CLARENZO,CLARENZO,,9,3,12,5,0.384615,0.4725,10.305322,4,0,192,0.439394,0.104589
BOBONO,BOBONO,,11,2,13,5,0.372549,0.444737,9.933894,4,0,191,0.429487,0.118586
CAMELLO,CAMELLO,,9,0,9,0,0,0,0,4,0,190,0.472222,0.10314
RICKON,RICKON,,11,13,24,4,0.454545,0.56,131.915378,5,0,213,0.221014,0.147276
ROBETT,ROBETT,,12,1,13,2,0.666667,0.75,92.695967,0,0,79,0.403846,0.385879
NORA,NORA,,2,1,3,1,1,1,0,3,0,131,0.5,0.077217
VICKY,VICKY,,3,0,3,0,0,0,0,3,0,129,0.5,0.08541
NIGHT_KING,NIGHT_KING,,13,6,19,4,0.404494,0.486111,218.278447,5,0,137,0.263158,0.257933
DORNISH_PRINCE,DORNISH_PRINCE,,13,4,17,4,0.5,0.588542,0,0,0,111,0.5,0.364726
EDMURE,EDMURE,,25,12,37,3,0.789474,0.888889,581.212074,6,0,21,0.210961,0.735654
IRONBORN_LORD,IRONBORN_LORD,,15,2,17,1,1,1,0,0,0,18,0.5,0.475506
RIVERLANDS_LORD,RIVERLANDS_LORD,,16,1,17,1,1,1,0,0,0,17,0.5,0.522738
VALE_LORD,VALE_LORD,,17,0,17,0,0,0,0,0,0,16,0.5,0.574001
ASSASSIN,ASSASSIN,,3,0,3,0,0,0,0,6,0,240,0.5,0.069087
AXELL_FLORENT,AXELL_FLORENT,,3,1,4,5,0.296296,0.329167,0,2,0,229,0.5,0.069292
SELYSE,SELYSE,,10,1,11,4,0.403509,0.442029,23,2,0,217,0.436364,0.151499
HIGH_SEPTON,HIGH_SEPTON,,15,6,21,4,0.431818,0.565789,40.712897,4,0,73,0.32619,0.316115
BALERION,BALERION,,3,0,3,0,0,0,0,4,0,102,0.5,0.067886
RAMSAY,RAMSAY,,20,9,29,4,0.53125,0.705882,482.850735,0,0,63,0.172414,0.430379
BALON_DWARF,BALON_DWARF,,1,4,5,5,0.323529,0.428788,0,4,0,342,0.45,0.011736
ROBB_DWARF,ROBB_DWARF,,5,3,8,5,0.388889,0.47381,9.006146,4,0,308,0.357143,0.058868
JOFFREY_DWARF,JOFFREY_DWARF,,6,3,9,5,0.384615,0.4725,17.918268,4,0,307,0.319444,0.067487
STANNIS_DWARF,STANNIS_DWARF,,3,2,5,4,0.377778,0.446078,6.166667,4,0,306,0.4,0.023937
RENLY_DWARF,RENLY_DWARF,,5,1,6,4,0.363636,0.411458,8.166667,4,0,305,0.366667,0.036702
BARRA,BARRA,,1,1,2,3,0.5,0.611111,0,2,0,274,0.5,0.021355
MHAEGEN,MHAEGEN,,5,1,6,2,0.666667,0.75,4,2,0,148,0.3,0.109678
LANCEL,LANCEL,,18,7,25,4,0.473684,0.62037,73.13428,4,0,72,0.285,0.46582
DAARIO,DAARIO,,6,10,16,2,0.75,0.833333,265.886958,1,0,185,0.204167,0.112467
KRAZNYS_MO_NAKLOZ,KRAZNYS_MO_NAKLOZ,,4,1,5,1,1,1,0.333333,1,0,167,0.45,0.060836
RADZAI_MO_ERAZ,RADZAI_MO_ERAZ,,3,0,3,0,0,0,0,1,0,163,0.5,0.055878
GOATHERD,GOATHERD,,5,1,6,1,1,1,64,1,0,175,0.333333,0.096362
MOSSADOR,MOSSADOR,,6,3,9,2,0.615385,0.6875,60.87674,1,0,183,0.291667,0.075455
HIZDAHR,HIZDAHR,,7,5,12,1,1,1,175.099567,1,0,173,0.234848,0.099988
BELICHO,BELICHO,,5,2,7,1,1,1,0,1,0,186,0.5,0.128037
RAZDAL,RAZDAL,,6,1,7,1,1,1,0,1,0,161,0.5,0.14255
YEZZAN,YEZZAN,,7,0,7,0,0,0,0,1,0,160,0.5,0.15852
BENJEN,BENJEN,,12,4,16,4,0.387387,0.443798,101.176844,5,0,197,0.283333,0.195461
MEERA,MEERA,,16,10,26,3,0.52381,0.616162,251.935123,5,0,134,0.207692,0.328206
LYANNA,LYANNA,,13,1,14,4,0.362637,0.393939,11.789827,5,0,147,0.346154,0.252206
HODOR,HODOR,,18,10,28,3,0.551724,0.635417,260.585374,5,0,133,0.208995,0.341605
RODRIK,RODRIK,,11,6,17,5,0.389831,0.524638,295.256995,5,0,125,0.246324,0.208451
LEM,LEM,,3,3,6,2,0.666667,0.75,60.426012,3,0,138,0.233333,0.156207
GILLY,GILLY,,26,12,38,3,0.647059,0.757576,909.189667,2,0,90,0.165718,0.629889
TEELA,TEELA,,7,0,7,0,0,0,0,2,0,82,0.5,0.200603
BERT,BERT,,1,0,1,0,0,0,0,2,0,374,0,0.002298
MARGAERY,MARGAERY,,26,7,33,4,0.53125,0.661765,237.028651,4,0,71,0.241477,0.548604
BILLY,BILLY,,1,0,1,0,0,0,0,5,0,212,0,0.01826
BLACK_HAIRED_PROSTITUTE,BLACK_HAIRED_PROSTITUTE,,1,0,1,0,0,0,0,4,0,338,0,0.016104
BLACK_JACK,BLACK_JACK,,0,2,2,1,1,1,0,7,1,404,0.5,0
KEGS,KEGS,,1,1,2,1,1,1,0,7,1,403,0.5,0.001024
MULLY,MULLY,,2,0,2,0,0,0,0,7,1,402,0.5,0.002362
BLACK_LORREN,BLACK_LORREN,,2,3,5,4,0.432432,0.520833,7.633333,5,0,124,0.45,0.025047
DAGMER,DAGMER,,7,3,10,4,0.428571,0.522222,47.638564,5,0,123,0.311111,0.126558
MAESTER_LUWIN,MAESTER_LUWIN,,13,3,16,4,0.419355,0.525641,152.599101,5,0,121,0.2625,0.211516
OSHA,OSHA,,13,4,17,3,0.555556,0.666667,144.805431,5,0,60,0.286765,0.296577
BLACK_WALDER,BLACK_WALDER,,6,3,9,4,0.47619,0.591667,2.336742,6,0,20,0.430556,0.182662
LOTHAR,LOTHAR,,8,2,10,4,0.470588,0.572917,2.398178,6,0,11,0.422222,0.208944
BRYNDEN,BRYNDEN,,14,4,18,3,0.636364,0.761905,168.011416,6,0,10,0.245098,0.453855
JOYEUSE,JOYEUSE,,6,1,7,2,0.666667,0.75,0.666667,6,0,12,0.452381,0.149807
BOLTON_GUARD,BOLTON_GUARD,,1,1,2,1,1,1,0,0,0,368,0.5,0.003481
FIRST_MATE,FIRST_MATE,,3,0,3,0,0,0,0,0,0,367,0.333333,0.006478
BORCAS,BORCAS,,1,1,2,2,0.6,0.666667,0,2,0,311,0.5,0.010739
DAREON,DAREON,,9,2,11,1,1,1,67.915873,2,0,259,0.218182,0.099602
BOROS,BOROS,,3,0,3,0,0,0,0,4,0,97,0.5,0.048697
BRANDON_STARK,BRANDON_STARK,,5,1,6,3,0.470588,0.520833,8.2,5,0,239,0.333333,0.072086
OLD_NAN,OLD_NAN,,7,0,7,0,0,0,0,5,0,132,0.404762,0.154172
WILL,WILL,,5,3,8,1,1,1,92.502381,0,0,238,0.178571,0.077104
FARLEN,FARLEN,,4,0,4,0,0,0,0,5,0,122,0.5,0.072358
WINTERFELL_SHEPHERD,WINTERFELL_SHEPHERD,,3,0,3,0,0,0,0,5,0,119,0.5,0.064371
JOJEN,JOJEN,,16,5,21,2,0.777778,0.857143,220.634874,5,0,59,0.25,0.360811
ORELL,ORELL,,10,1,11,1,1,1,1.125,5,0,53,0.436364,0.265875
FARMER,FARMER,,10,0,10,0,0,0,0,5,0,52,0.5,0.276765
KARL_TANNER,KARL_TANNER,,10,2,12,2,0.75,0.833333,31.368923,2,0,58,0.363636,0.219118
LEAF,LEAF,,6,0,6,0,0,0,0,5,0,54,0.466667,0.185393
CRASTERS_BABY,CRASTERS_BABY,,8,2,10,1,1,1,93.62094,5,0,57,0.288889,0.225157
BRAND,BRAND,,1,1,2,1,1,1,0,2,0,276,0.5,0.023006
DERRYK,DERRYK,,3,0,3,0,0,0,0,2,0,89,0.333333,0.092104
BRIAN,BRIAN,,1,0,1,0,0,0,0,2,0,323,0,0.017844
COLEN,COLEN,,4,1,5,4,0.363636,0.411458,0,4,0,70,0.5,0.124617
JACKS,JACKS,,3,0,3,0,0,0,0,6,0,225,0.5,0.066711
LORAS,LORAS,,30,5,35,3,0.535714,0.633333,151.487877,4,0,69,0.266387,0.788757
SELWYN,SELWYN,,3,0,3,0,0,0,0,4,0,44,0.5,0.109382
MARILLION,MARILLION,,7,0,7,0,0,0,0,4,0,94,0.357143,0.161402
MORD,MORD,,6,1,7,1,1,1,6.194444,6,0,110,0.428571,0.16983
SHAE,SHAE,,16,4,20,3,0.518519,0.607143,134.248377,4,0,67,0.35,0.661376
SHAGGA,SHAGGA,,4,0,4,0,0,0,0,4,0,118,0.5,0.072109
VARDIS_EGEN,VARDIS_EGEN,,6,0,6,0,0,0,0,6,0,25,0.5,0.163665
HAYLENE,HAYLENE,,6,0,6,0,0,0,0,4,0,81,0.5,0.275949
TIMETT,TIMETT,,3,0,3,0,0,0,0,4,0,117,0.5,0.077962
TARYN_MANT,TARYN_MANT,,4,0,4,0,0,0,0,4,0,92,0.5,0.117906
OBERYN,OBERYN,,19,7,26,3,0.6875,0.80303,330.256082,4,0,37,0.252308,0.664858
MORGAN,MORGAN,,5,5,10,1,1,1,122.931119,4,0,34,0.222222,0.178508
LOLLYS,LOLLYS,,3,1,4,1,1,1,83,4,0,115,0.25,0.075242
FALYSE,FALYSE,,1,0,1,0,0,0,0,4,0,113,0,0.052964
MORGANS_FRIEND,MORGANS_FRIEND,,5,0,5,0,0,0,0,4,0,30,0.5,0.180943
DORNISH_RIDER,DORNISH_RIDER,,2,0,2,0,0,0,0,4,0,112,0.5,0.059138
DICKON,DICKON,,7,3,10,3,0.545455,0.694444,15.041008,2,0,88,0.333333,0.185344
RANDYLL,RANDYLL,,11,3,14,2,0.714286,0.8,97.109433,2,0,43,0.28022,0.355153
CRAYAH,CRAYAH,,2,3,5,2,0.8,0.875,106.842063,4,0,101,0.2,0.100155
DIRAH,DIRAH,,2,1,3,2,0.666667,0.75,0,4,0,100,0.5,0.063168
MAREI,MAREI,,8,1,9,1,1,1,2.926054,4,0,32,0.263889,0.260853
HOSTER,HOSTER,,7,1,8,2,0.666667,0.75,36.730159,6,0,9,0.303571,0.261954
ROSLIN,ROSLIN,,9,1,10,1,1,1,8.1158,6,0,3,0.377778,0.216944
GUARD_CAPTAIN,GUARD_CAPTAIN,,2,0,2,0,0,0,0,6,0,6,0.5,0.11699
MINISA,MINISA,,1,0,1,0,0,0,0,6,0,5,0,0.043951
CAPTAINS_DAUGHTER,CAPTAINS_DAUGHTER,,1,0,1,0,0,0,0,0,0,394,0,0.001339
GREATJON_UMBER,GREATJON_UMBER,,11,1,12,2,0.666667,0.75,123.38196,6,0,15,0.318182,0.134874
JON_ARRYN,JON_ARRYN,,12,1,13,1,1,1,13.996991,0,0,8,0.320513,0.251642
MASHA_HEDDLE,MASHA_HEDDLE,,2,0,2,0,0,0,0,6,0,315,0.5,0.020625
STEVRON_FREY,STEVRON_FREY,,2,0,2,0,0,0,0,6,0,0,0.5,0.024489
ROS,ROS,,14,1,15,1,1,1,102.925595,4,0,66,0.333333,0.28236
JOANNA,JOANNA,,4,0,4,0,0,0,0,4,0,327,0.5,0.04203
MANDON,MANDON,,4,0,4,0,0,0,0,4,0,80,0.5,0.148247
MATTHOS,MATTHOS,,7,2,9,2,0.75,0.833333,18.821109,2,0,221,0.333333,0.114818
SALLADHOR,SALLADHOR,,4,1,5,1,1,1,53,2,0,219,0.3,0.068173
TOMMEN,TOMMEN,,27,2,29,2,0.75,0.833333,27.676112,4,0,29,0.286946,0.840348
DONTOS,DONTOS,,6,0,6,0,0,0,0,4,0,96,0.466667,0.153149
ELIA,ELIA,,4,0,4,0,0,0,0,4,0,35,0.5,0.168043
FOOL,FOOL,,3,0,3,0,0,0,0,4,0,334,0.5,0.031488
HIGH_SPARROW,HIGH_SPARROW,,13,2,15,1,1,1,18.742695,4,0,28,0.338095,0.436274
MAGGY,MAGGY,,2,1,3,1,1,1,1,4,0,333,0.333333,0.027616
SEPTA_UNELLA,SEPTA_UNELLA,,5,0,5,0,0,0,0,4,0,27,0.45,0.184235
MELARA,MELARA,,2,0,2,0,0,0,0,4,0,332,0.5,0.022594
OLYVAR,OLYVAR,,13,0,13,0,0,0,0,4,0,26,0.301282,0.582515
SON_OF_EDMURE,SON_OF_EDMURE,,3,0,3,0,0,0,0,4,0,19,0.333333,0.097263
HARRY,HARRY,,5,0,5,0,0,0,0,0,0,222,0.5,0.077657
CERSEIS_BABY,CERSEIS_BABY,,3,0,3,0,0,0,0,4,0,331,0.5,0.040328
CERWYN,CERWYN,,1,0,1,0,0,0,0,0,0,62,0,0.046116
COHOLLO,COHOLLO,,0,1,1,4,0.391304,0.439815,0,1,0,405,0,0
DROGO,DROGO,,7,9,16,3,0.607143,0.735294,295.987698,1,0,301,0.1625,0.046298
COOPER,COOPER,,1,1,2,2,0.666667,0.75,0,2,0,320,0.5,0.007265
DONNEL_HILL,DONNEL_HILL,,2,1,3,1,1,1,1,2,0,319,0.333333,0.009251
MORAG,MORAG,,5,1,6,1,1,1,0,2,0,270,0.5,0.072707
SISSY,SISSY,,8,0,8,0,0,0,0,2,0,55,0.375,0.12863
WHITE_WALKER,WHITE_WALKER,,6,0,6,0,0,0,0,5,0,56,0.366667,0.169496
WILLIAM,WILLIAM,,1,0,1,0,0,0,0,4,0,99,0,0.010205
CRESSEN,CRESSEN,,4,0,4,0,0,0,0,2,0,220,0.5,0.08369
MERO,MERO,,5,1,6,1,1,1,0.664225,1,0,165,0.466667,0.107414
PRENDAHL,PRENDAHL,,5,0,5,0,0,0,0,1,0,164,0.5,0.083942
MEEREEN_CHAMPION,MEEREEN_CHAMPION,,3,0,3,0,0,0,0,1,0,184,0.5,0.021717
QUICK,QUICK,,4,1,5,1,1,1,0,1,0,169,0.5,0.04501
STRONG,STRONG,,5,0,5,0,0,0,0,1,0,168,0.5,0.051429
LHAZAREEN_WOMAN,LHAZAREEN_WOMAN,,3,1,4,1,1,1,0,1,0,180,0.5,0.021717
DOSH_KHALEEN_LEADER,DOSH_KHALEEN_LEADER,,4,0,4,0,0,0,0,1,0,179,0.5,0.025587
KHAL_MORO,KHAL_MORO,,4,0,4,0,0,0,0,1,0,178,0.416667,0.029397
DOREAH,DOREAH,,3,7,10,2,0.733333,0.818182,99.5,1,0,300,0.233333,0.016237
IRRI,IRRI,,4,5,9,2,0.692308,0.777778,56,1,0,298,0.319444,0.019751
JHIQUI,JHIQUI,,3,0,3,0,0,0,0,1,0,297,0.5,0.011216
MAGO,MAGO,,2,0,2,0,0,0,0,1,0,291,0.5,0.011278
MIRRI_MAZ_DUUR,MIRRI_MAZ_DUUR,,3,2,5,2,0.666667,0.75,0,1,0,290,0.5,0.016237
QOTHO,QOTHO,,4,1,5,2,0.6,0.666667,0,1,0,289,0.5,0.019751
RAKHARO,RAKHARO,,6,2,8,1,1,1,13.5,1,0,288,0.339286,0.027959
RHAEGO,RHAEGO,,3,1,4,1,1,1,0,1,0,286,0.5,0.016237
VISERYS,VISERYS,,9,0,9,0,0,0,0,1,0,285,0.319444,0.047986
WINE_MERCHANT,WINE_MERCHANT,,4,0,4,0,0,0,0,1,0,287,0.416667,0.017495
KOVARRO,KOVARRO,,4,4,8,1,1,1,57,1,0,296,0.357143,0.016175
MALAKKO,MALAKKO,,3,1,4,1,1,1,0,1,0,295,0.5,0.012301
PYATT_PREE,PYATT_PREE,,3,2,5,1,1,1,0,1,0,294,0.5,0.012301
QUAITHE,QUAITHE,,2,1,3,1,1,1,0,1,0,357,0.5,0.008557
SILK_KING,SILK_KING,,1,1,2,2,0.666667,0.75,0,1,0,370,0.5,0.003598
SPICE_KING,SPICE_KING,,5,1,6,1,1,1,1,1,0,293,0.366667,0.017114
XARO,XARO,,9,0,9,0,0,0,0,1,0,292,0.305556,0.032744
GREIZHEN,GREIZHEN,,4,0,4,0,0,0,0,1,0,166,0.5,0.066324
FENNESZ,FENNESZ,,2,1,3,1,1,1,53,1,0,177,0.333333,0.05377
HIZDAHRS_FATHER,HIZDAHRS_FATHER,,2,0,2,0,0,0,0,1,0,172,0.5,0.015745
MANSERVANT,MANSERVANT,,2,0,2,0,0,0,0,1,0,171,0.5,0.015745
MASTER_MIGHDAL,MASTER_MIGHDAL,,2,0,2,0,0,0,0,1,0,176,0.5,0.009936
OWNER,OWNER,,4,0,4,0,0,0,0,1,0,170,0.5,0.036809
KINVARA,KINVARA,,3,0,3,0,0,0,0,1,0,284,0.5,0.04234
RED_PRIEST,RED_PRIEST,,3,0,3,0,0,0,0,1,0,278,0.5,0.04234
VALA,VALA,,2,1,3,1,1,1,0.7,1,0,211,0.333333,0.026235
DAISY,DAISY,,2,0,2,0,0,0,0,4,0,65,0.5,0.042919
LUKE,LUKE,,2,0,2,0,0,0,0,2,0,258,0.5,0.023748
HOBB,HOBB,,1,0,1,0,0,0,0,2,0,257,0,0.013009
FATHER_SEAWORTH,FATHER_SEAWORTH,,1,0,1,0,0,0,0,0,0,377,0,0.002645
MARYA,MARYA,,1,0,1,0,0,0,0,0,0,376,0,0.002645
RYLENE,RYLENE,,2,0,2,0,0,0,0,2,0,246,0.5,0.035725
SMALLJON,SMALLJON,,12,1,13,1,1,1,33.682756,0,0,46,0.314103,0.314175
MAESTER_MORMONT,MAESTER_MORMONT,,4,0,4,0,0,0,0,0,0,224,0.5,0.066814
GLOVER,GLOVER,,5,1,6,1,1,1,37.583333,0,0,78,0.4,0.09591
HARALD,HARALD,,7,0,7,0,0,0,0,0,0,45,0.5,0.165851
DIM_DALBA,DIM_DALBA,,5,0,5,0,0,0,0,0,0,214,0.5,0.062004
DESMOND,DESMOND,,2,1,3,1,1,1,29,0,0,330,0.166667,0.026552
ELDRICK,ELDRICK,,1,0,1,0,0,0,0,0,0,329,0,0.00446
MELESSA,MELESSA,,4,2,6,2,0.666667,0.75,1,2,0,42,0.466667,0.144021
TALLA,TALLA,,5,1,6,2,0.6,0.666667,1,2,0,41,0.466667,0.158336
DOM,DOM,,2,0,2,0,0,0,0,1,0,210,0.5,0.026935
DONGO_THE_GIANT,DONGO_THE_GIANT,,1,1,2,1,1,1,0,2,0,322,0.5,0.017844
MAG_THE_MIGHTY,MAG_THE_MIGHTY,,6,0,6,0,0,0,0,2,0,231,0.233333,0.070044
IROGENIA,IROGENIA,,1,0,1,0,0,0,0,1,0,299,0,0.003514
DORNISH_LORD,DORNISH_LORD,,2,0,2,0,0,0,0,4,0,36,0.5,0.079753
DROWNED_PRIEST,DROWNED_PRIEST,,1,0,1,0,0,0,0,0,0,393,0,0.001339
LITTLE_SAM,LITTLE_SAM,,17,2,19,1,1,1,77.888634,2,0,40,0.25731,0.511266
FREY_SEPTON,FREY_SEPTON,,3,0,3,0,0,0,0,6,0,2,0.5,0.114653
ELDER_MEEREEN_SLAVE,ELDER_MEEREEN_SLAVE,,2,1,3,1,1,1,17.887302,1,0,182,0.333333,0.045413
MEEREEN_SLAVE,MEEREEN_SLAVE,,2,0,2,0,0,0,0,1,0,181,0.5,0.015588
ENDREW,ENDREW,,2,0,2,0,0,0,0,4,0,341,0.5,0.01791
FLYNN,FLYNN,,2,1,3,1,1,1,0,3,0,33,0.5,0.032679
RAY,RAY,,4,0,4,0,0,0,0,3,0,31,0.333333,0.111421
FREY_DAUGHTER,FREY_DAUGHTER,,1,0,1,0,0,0,0,6,0,254,0,0.025997
GALBART_GLOVER,GALBART_GLOVER,,2,1,3,1,1,1,56,6,0,14,0.333333,0.04282
JONOS_BRACKEN,JONOS_BRACKEN,,2,0,2,0,0,0,0,6,0,13,0.5,0.031619
GARED,GARED,,1,1,2,1,1,1,0,0,0,237,0.5,0.010049
ROYCE,ROYCE,,5,0,5,0,0,0,0,0,0,24,0.2,0.132765
GATINS,GATINS,,1,0,1,0,0,0,0,3,0,152,0,0.074738
TOBHO_MOTT,TOBHO_MOTT,,2,0,2,0,0,0,0,5,0,200,0.5,0.067533
GERARD,GERARD,,1,0,1,0,0,0,0,4,0,348,0,0.00571
MOLES_TOWN_WHORE,MOLES_TOWN_WHORE,,3,1,4,1,1,1,0,2,0,39,0.5,0.139861
STYR,STYR,,6,3,9,1,1,1,200.133463,2,0,87,0.319444,0.156689
MOLES_TOWN_MADAM,MOLES_TOWN_MADAM,,4,0,4,0,0,0,0,2,0,38,0.5,0.153588
MAESTER_CITADEL,MAESTER_CITADEL,,2,0,2,0,0,0,0,2,0,83,0.5,0.088503
MANDERLY,MANDERLY,,4,0,4,0,0,0,0,0,0,77,0.416667,0.091
GOATHERDS_SON,GOATHERDS_SON,,1,0,1,0,0,0,0,1,0,174,0,0.011129
UNSULLIED_CAPTAIN,UNSULLIED_CAPTAIN,,2,0,2,0,0,0,0,2,0,223,0.5,0.05337
GUYMON,GUYMON,,3,1,4,1,1,1,0,2,0,86,0.5,0.04651
OLLYS_MOTHER,OLLYS_MOTHER,,5,0,5,0,0,0,0,2,0,85,0.45,0.073082
HARRAG,HARRAG,,2,0,2,0,0,0,0,0,0,366,0.5,0.00482
HARREN,HARREN,,1,0,1,0,0,0,0,4,0,362,0,0.001702
SARRA,SARRA,,3,1,4,1,1,1,0,0,0,130,0.5,0.105908
WILLA,WILLA,,4,0,4,0,0,0,0,0,0,128,0.5,0.117231
HUGH_OF_THE_VALE,HUGH_OF_THE_VALE,,6,0,6,0,0,0,0,0,0,7,0.366667,0.207521
TYSHA,TYSHA,,2,0,2,0,0,0,0,4,0,304,0.5,0.022278
STEELSHANKS_WALTON,STEELSHANKS_WALTON,,4,0,4,0,0,0,0,4,0,49,0.5,0.069747
JAREMY_RYKKER,JAREMY_RYKKER,,3,0,3,0,0,0,0,2,0,310,0.5,0.030838
OTHOR,OTHOR,,4,0,4,0,0,0,0,2,0,267,0.5,0.065742
LORD_OF_BONES,LORD_OF_BONES,,5,0,5,0,0,0,0,2,0,232,0.45,0.075295
QHORIN_HALFHAND,QHORIN_HALFHAND,,2,0,2,0,0,0,0,2,0,216,0.5,0.030211
KARSI,KARSI,,3,1,4,1,1,1,35,2,0,136,0.416667,0.067115
LOBODA,LOBODA,,3,0,3,0,0,0,0,2,0,135,0.5,0.046668
LORD_WEEBLY,LORD_WEEBLY,,2,0,2,0,0,0,0,2,0,269,0.5,0.04085
LITTLE_BIRD,LITTLE_BIRD,,1,0,1,0,0,0,0,1,0,358,0,0.004959
MALKO,MALKO,,2,0,2,0,0,0,0,1,0,316,0.5,0.021063
MARWYN,MARWYN,,5,0,5,0,0,0,0,1,0,188,0.25,0.074427
LHARA,LHARA,,1,0,1,0,0,0,0,2,0,218,0,0.008704
MYRANDA,MYRANDA,,7,3,10,2,0.8,0.875,52.249052,0,0,61,0.311111,0.211746
WALDA,WALDA,,6,1,7,1,1,1,24.745031,0,0,48,0.380952,0.195088
TANDA,TANDA,,1,0,1,0,0,0,0,4,0,114,0,0.008905
LUTHOR,LUTHOR,,1,1,2,1,1,1,0,4,0,281,0.5,0.018
VIOLA,VIOLA,,2,0,2,0,0,0,0,4,0,279,0.5,0.021081
PORTAN,PORTAN,,1,0,1,0,0,0,0,5,0,120,0,0.024462
MAGNAR,MAGNAR,,1,0,1,0,0,0,0,2,0,268,0,0.023006
MARTHA,MARTHA,,1,0,1,0,0,0,0,1,0,283,0,0.022637
MARTYN,MARTYN,,2,1,3,1,1,1,29.13956,6,0,250,0.166667,0.033676
WILLEM_LANNISTER,WILLEM_LANNISTER,,2,0,2,0,0,0,0,6,0,249,0,0.009847
MERRY,MERRY,,1,0,1,0,0,0,0,6,0,4,0,0.019968
ZALA,ZALA,,1,0,1,0,0,0,0,1,0,162,0,0.050171
MUSICIAN,MUSICIAN,,1,0,1,0,0,0,0,4,0,280,0,0.018
VIOLET,VIOLET,,3,0,3,0,0,0,0,0,0,51,0.5,0.068876
TANSY,TANSY,,3,0,3,0,0,0,0,0,0,50,0.5,0.068876
STEFFON,STEFFON,,2,0,2,0,0,0,0,5,0,244,0.5,0.040695
TOMARD,TOMARD,,3,0,3,0,0,0,0,5,0,245,0.5,0.046405
VARLY,VARLY,,1,0,1,0,0,0,0,5,0,354,0,0.007615
ORSON,ORSON,,1,0,1,0,0,0,0,4,0,314,0,0.016104
ORYS,ORYS,,1,1,2,1,1,1,0,4,0,352,0.5,0.001702
ORYS_BROTHER,ORYS_BROTHER,,2,0,2,0,0,0,0,4,0,351,0.5,0.00314
PROTESTER,PROTESTER,,1,0,1,0,0,0,0,4,0,313,0,0.016104
QUENT,QUENT,,1,0,1,0,0,0,0,6,0,253,0,0.025997
SON_OFWALDA,SON_OFWALDA,,2,0,2,0,0,0,0,0,0,47,0.5,0.06555
RENNICK,RENNICK,,1,0,1,0,0,0,0,6,0,252,0,0.025997
SEPTON,SEPTON,,2,0,2,0,0,0,0,6,0,248,0.5,0.033676
RYGER_RIVERS,RYGER_RIVERS,,1,0,1,0,0,0,0,6,0,1,0,0.019968
WAYMAR_ROYCE,WAYMAR_ROYCE,,2,0,2,0,0,0,0,0,0,236,0,0.020497
SORCERER,SORCERER,,2,0,2,0,0,0,0,1,0,265,0.5,0.038741
THENN_WARG,THENN_WARG,,3,0,3,0,0,0,0,2,0,84,0.5,0.04998
TORTURER,TORTURER,,1,0,1,0,0,0,0,0,0,392,0,0.001339
